{"name":"BREST","phone":"0298430327","fax":"0298435340","companyName":"EVAB1                                                       ","coordinates":{"latitude":48.392802,"longitude":-4.482211},"region":"OUEST","storeConcepts":[{"ref":"HOT","label":"Ardoise HOT","description":"Ardoise de prise de commande déportée","conceptType":{"ref":"OTH","label":"Autre","description":"Autre"}},{"ref":"JEUINTERNE","label":"Aire de jeu intérieure","description":"Aire de jeu localisée à l'intérieur du bâtiment principal","conceptType":{"ref":"OTH","label":"Autre","description":"Autre"}},{"ref":"KIOSK","label":"Kiosk","description":"Borne interactive de saisie de commande, localisée dans le lobby","conceptType":{"ref":"OTH","label":"Autre","description":"Autre"}},{"ref":"LAD","label":"LAD","description":"","conceptType":{"ref":"OTH","label":"Autre","description":"Autre"}},{"ref":"MCCAFE","label":"McCafé","description":"","conceptType":{"ref":"SRV","label":"Service produit","description":"Service produit"}},{"ref":"MCCAFE_CPT","label":"McCafe Compact","description":"","conceptType":{"ref":"OTH","label":"Autre","description":"Autre"}},{"ref":"MFY","label":"Made For You","description":"Made For You","conceptType":{"ref":"TYP","label":"Typologie du restaurant","description":"Typologie du restaurant"}},{"ref":"NP6","label":"NP6","description":"Restaurant équipé du système NP6","conceptType":{"ref":"OTH","label":"Autre","description":"Autre"}},{"ref":"ORB","label":"ORB","description":"","conceptType":{"ref":"OTH","label":"Autre","description":"Autre"}}],"openDate":"1985-05-10","closeDate":"0001-01-01","status":"OPEN","originals":false,"cashRegisterType":"NP6","kioskType":"KIOSK_ACRELEC","email":"","deliveryPartners":[{"ref":"uberdirect","name":"uberdirect","deliveryDistance":7.0}],"saleTypes":["EAT_IN","TAKE_OUT","HOME_DELIVERY"],"ref":"36","nationalPromotionOptin":true,"restaurantAddress":[{"address1":"Centre Commercial Coat Ar Gueven","address2":"50 Rue Jean Jaurès","zipCode":"29200","city":"BREST","country":"FR","label":"RESTAURANT","addressType":"RESTAURANT","id":21,"type":"DEFAULT"}],"openingHours":[{"day":1,"beginHour":"09:00","endHour":"23:00","active":true,"slotDetails":[{"beginHour":"09:00","endHour":"23:00","active":true}],"exceptionalDay":false},{"day":2,"beginHour":"09:00","endHour":"23:00","active":true,"slotDetails":[{"beginHour":"09:00","endHour":"23:00","active":true}],"exceptionalDay":false},{"day":3,"beginHour":"09:00","endHour":"23:00","active":true,"slotDetails":[{"beginHour":"09:00","endHour":"23:00","active":true}],"exceptionalDay":false},{"day":4,"beginHour":"09:00","endHour":"23:00","active":true,"slotDetails":[{"beginHour":"09:00","endHour":"23:00","active":true}],"exceptionalDay":false},{"day":5,"beginHour":"09:00","endHour":"00:00","active":true,"slotDetails":[{"beginHour":"09:00","endHour":"00:00","active":true}],"exceptionalDay":false},{"day":6,"beginHour":"09:00","endHour":"00:00","active":true,"slotDetails":[{"beginHour":"09:00","endHour":"00:00","active":true}],"exceptionalDay":false},{"day":7,"beginHour":"09:00","endHour":"23:00","active":true,"slotDetails":[{"beginHour":"09:00","endHour":"23:00","active":true}],"exceptionalDay":false}],"donationOptin":false,"selectiveSorting":false,"actualMaxAmountCAndC":20000,"actualMaxAmountMcDelivery":7500}