{"name":"LES ULIS","phone":"0169071502","fax":"0169077972","companyName":"ODUS SAS","coordinates":{"latitude":48.677616,"longitude":2.169961},"region":"CENTRE","storeConcepts":[{"ref":"HOT","label":"Ardoise HOT","description":"Ardoise de prise de commande déportée","conceptType":{"ref":"OTH","label":"Autre","description":"Autre"}},{"ref":"JEUINTERNE","label":"Aire de jeu intérieure","description":"Aire de jeu localisée à l'intérieur du bâtiment principal","conceptType":{"ref":"OTH","label":"Autre","description":"Autre"}},{"ref":"KIOSK","label":"Kiosk","description":"Borne interactive de saisie de commande, localisée dans le lobby","conceptType":{"ref":"OTH","label":"Autre","description":"Autre"}},{"ref":"LAD","label":"LAD","description":"","conceptType":{"ref":"OTH","label":"Autre","description":"Autre"}},{"ref":"MFY","label":"Made For You","description":"Made For You","conceptType":{"ref":"TYP","label":"Typologie du restaurant","description":"Typologie du restaurant"}},{"ref":"NP6","label":"NP6","description":"Restaurant équipé du système NP6","conceptType":{"ref":"OTH","label":"Autre","description":"Autre"}}],"openDate":"1986-01-24","closeDate":"0001-01-01","status":"OPEN","originals":false,"cashRegisterType":"NP6","kioskType":"KIOSK_ACRELEC","email":"","deliveryPartners":[{"ref":"uberdirect","name":"uberdirect","deliveryDistance":7.0}],"saleTypes":["EAT_IN","TAKE_OUT","HOME_DELIVERY"],"ref":"42","nationalPromotionOptin":true,"restaurantAddress":[{"address1":"McDonald's Centre Commercial Les Ulis 2","address2":"Entrée portes 4-5-6-7","address4":"","zipCode":"91940","city":"LES ULIS","country":"FR","label":"RESTAURANT","addressType":"RESTAURANT","id":27,"type":"DEFAULT"}],"openingHours":[{"day":1,"beginHour":"10:30","endHour":"22:00","active":true,"slotDetails":[{"beginHour":"10:30","endHour":"22:00","active":true}],"exceptionalDay":false},{"day":2,"beginHour":"10:30","endHour":"22:00","active":true,"slotDetails":[{"beginHour":"10:30","endHour":"22:00","active":true}],"exceptionalDay":false},{"day":3,"beginHour":"10:30","endHour":"22:00","active":true,"slotDetails":[{"beginHour":"10:30","endHour":"22:00","active":true}],"exceptionalDay":false},{"day":4,"beginHour":"10:30","endHour":"22:00","active":true,"slotDetails":[{"beginHour":"10:30","endHour":"22:00","active":true}],"exceptionalDay":false},{"day":5,"beginHour":"10:30","endHour":"22:00","active":true,"slotDetails":[{"beginHour":"10:30","endHour":"22:00","active":true}],"exceptionalDay":false},{"day":6,"beginHour":"10:30","endHour":"22:00","active":true,"slotDetails":[{"beginHour":"10:30","endHour":"22:00","active":true}],"exceptionalDay":false},{"day":7,"beginHour":"11:00","endHour":"22:00","active":true,"slotDetails":[{"beginHour":"11:00","endHour":"22:00","active":true}],"exceptionalDay":false}],"donationOptin":false,"selectiveSorting":false,"actualMaxAmountCAndC":15000.00,"actualMaxAmountMcDelivery":7500}