{"name":"METZ","phone":"0387752424","fax":"0387746613","exceptionalOpening":"","companyName":"SABELOR S.A.                                                ","coordinates":{"latitude":49.11435,"longitude":6.17279},"region":"EST","storeConcepts":[{"ref":"HOT","label":"Ardoise HOT","description":"Ardoise de prise de commande déportée","conceptType":{"ref":"OTH","label":"Autre","description":"Autre"}},{"ref":"JEUINTERNE","label":"Aire de jeu intérieure","description":"Aire de jeu localisée à l'intérieur du bâtiment principal","conceptType":{"ref":"OTH","label":"Autre","description":"Autre"}},{"ref":"KIOSK","label":"Kiosk","description":"Borne interactive de saisie de commande, localisée dans le lobby","conceptType":{"ref":"OTH","label":"Autre","description":"Autre"}},{"ref":"LAD","label":"LAD","description":"","conceptType":{"ref":"OTH","label":"Autre","description":"Autre"}},{"ref":"MCCAFE_DPT","label":"McCafe Déporté","description":"","conceptType":{"ref":"OTH","label":"Autre","description":"Autre"}},{"ref":"MFY","label":"Made For You","description":"Made For You","conceptType":{"ref":"TYP","label":"Typologie du restaurant","description":"Typologie du restaurant"}},{"ref":"NP6","label":"NP6","description":"Restaurant équipé du système NP6","conceptType":{"ref":"OTH","label":"Autre","description":"Autre"}}],"openDate":"1980-10-07","closeDate":"0001-01-01","status":"OPEN","originals":false,"cashRegisterType":"NP6","kioskType":"KIOSK_ACRELEC","email":"","deliveryPartners":[{"ref":"uberdirect","name":"uberdirect","deliveryDistance":7.0}],"saleTypes":["EAT_IN","TAKE_OUT","HOME_DELIVERY"],"ref":"18","nationalPromotionOptin":true,"restaurantAddress":[{"address1":"8 Avenue Robert Schuman","address2":"","address3":"","address4":"","zipCode":"57000","city":"METZ","country":"FR","label":"RESTAURANT","addressType":"RESTAURANT","id":3,"type":"DEFAULT"}],"openingHours":[{"day":1,"beginHour":"10:30","endHour":"22:00","active":true,"slotDetails":[{"beginHour":"10:30","endHour":"22:00","active":true}],"exceptionalDay":false},{"day":2,"beginHour":"10:30","endHour":"22:00","active":true,"slotDetails":[{"beginHour":"10:30","endHour":"22:00","active":true}],"exceptionalDay":false},{"day":3,"beginHour":"10:30","endHour":"22:00","active":true,"slotDetails":[{"beginHour":"10:30","endHour":"22:00","active":true}],"exceptionalDay":false},{"day":4,"beginHour":"10:30","endHour":"22:00","active":true,"slotDetails":[{"beginHour":"10:30","endHour":"22:00","active":true}],"exceptionalDay":false},{"day":5,"beginHour":"10:30","endHour":"22:00","active":true,"slotDetails":[{"beginHour":"10:30","endHour":"22:00","active":true}],"exceptionalDay":false},{"day":6,"beginHour":"10:30","endHour":"22:00","active":true,"slotDetails":[{"beginHour":"10:30","endHour":"22:00","active":true}],"exceptionalDay":false},{"day":7,"beginHour":"10:30","endHour":"22:00","active":true,"slotDetails":[{"beginHour":"10:30","endHour":"22:00","active":true}],"exceptionalDay":false}],"donationOptin":false,"selectiveSorting":true,"actualMaxAmountCAndC":20000,"actualMaxAmountMcDelivery":7500.00}