{"name":"GENNEVILLIERS","phone":"0147923936","fax":"0147947693","companyName":"CARGEN SARL                                                 ","coordinates":{"latitude":48.92621,"longitude":2.29208},"region":"CENTRE","storeConcepts":[{"ref":"FK","label":"Full Kitchen","description":"Full Kitchen","conceptType":{"ref":"TYP","label":"Typologie du restaurant","description":"Typologie du restaurant"}},{"ref":"JEUINTERNE","label":"Aire de jeu intérieure","description":"Aire de jeu localisée à l'intérieur du bâtiment principal","conceptType":{"ref":"OTH","label":"Autre","description":"Autre"}}],"openDate":"1985-10-25","closeDate":"2017-12-03","status":"CLOSED","originals":false,"cashRegisterType":"NP6","kioskType":"KIOSK_ACRELEC","email":"","deliveryPartners":[],"saleTypes":[],"ref":"41","nationalPromotionOptin":true,"restaurantAddress":[{"address1":"21-23 Rue Louis Calmel","zipCode":"92230","city":"GENNEVILLIERS","country":"FR","label":"RESTAURANT","addressType":"RESTAURANT","id":26,"type":"DEFAULT"}],"openingHours":[{"day":1,"beginHour":"09:00","endHour":"01:00","active":true,"slotDetails":[{"beginHour":"09:00","endHour":"01:00","active":true}],"exceptionalDay":false},{"day":2,"beginHour":"09:00","endHour":"01:00","active":true,"slotDetails":[{"beginHour":"09:00","endHour":"01:00","active":true}],"exceptionalDay":false},{"day":3,"beginHour":"09:00","endHour":"11:59","active":true,"slotDetails":[{"beginHour":"09:00","endHour":"11:59","active":true}],"exceptionalDay":false},{"day":4,"beginHour":"10:00","endHour":"09:59","active":true,"slotDetails":[{"beginHour":"10:00","endHour":"09:59","active":true}],"exceptionalDay":false},{"day":6,"beginHour":"10:00","endHour":"01:00","active":true,"slotDetails":[{"beginHour":"10:00","endHour":"01:00","active":true}],"exceptionalDay":false},{"day":7,"beginHour":"10:00","endHour":"01:00","active":true,"slotDetails":[{"beginHour":"10:00","endHour":"01:00","active":true}],"exceptionalDay":false}],"donationOptin":false,"selectiveSorting":false,"actualMaxAmountCAndC":20000,"actualMaxAmountMcDelivery":7500}