{"name":"PARIS SAINT DENIS","phone":"0144760272","fax":"0144760237","exceptionalOpening":"","companyName":"NAKEL                                                       ","coordinates":{"latitude":0.0,"longitude":0.0},"region":"Inconnu","storeConcepts":[],"openDate":"1984-08-03","closeDate":"2011-08-01","status":"CLOSED","originals":false,"cashRegisterType":"NP6","kioskType":"KIOSK_ACRELEC","email":"","deliveryPartners":[],"saleTypes":[],"ref":"28","nationalPromotionOptin":true,"restaurantAddress":[{"address1":"141 boulevard Sébastopol","address2":"","address3":"","address4":"","zipCode":"75002","city":"PARIS","country":"FR","label":"RESTAURANT","addressType":"RESTAURANT","id":13,"type":"DEFAULT"}],"openingHours":[{"day":1,"beginHour":"09:00","endHour":"01:00","active":true,"slotDetails":[{"beginHour":"09:00","endHour":"01:00","active":true}],"exceptionalDay":false},{"day":2,"beginHour":"09:00","endHour":"01:00","active":true,"slotDetails":[{"beginHour":"09:00","endHour":"01:00","active":true}],"exceptionalDay":false},{"day":3,"beginHour":"09:00","endHour":"11:59","active":true,"slotDetails":[{"beginHour":"09:00","endHour":"11:59","active":true}],"exceptionalDay":false},{"day":4,"beginHour":"10:00","endHour":"09:59","active":true,"slotDetails":[{"beginHour":"10:00","endHour":"09:59","active":true}],"exceptionalDay":false},{"day":6,"beginHour":"10:00","endHour":"01:00","active":true,"slotDetails":[{"beginHour":"10:00","endHour":"01:00","active":true}],"exceptionalDay":false},{"day":7,"beginHour":"10:00","endHour":"01:00","active":true,"slotDetails":[{"beginHour":"10:00","endHour":"01:00","active":true}],"exceptionalDay":false}],"donationOptin":false,"selectiveSorting":false,"actualMaxAmountCAndC":20000,"actualMaxAmountMcDelivery":7500}