{"name":"PARIS FORUM","phone":"0142361580","fax":"0142332420","companyName":"SL FORUM                                                    ","coordinates":{"latitude":48.86163,"longitude":2.34789},"region":"CENTRE","storeConcepts":[{"ref":"CDE_GRP_FC","label":"Cde Groupée Froid Comptoir","description":"","conceptType":{"ref":"OTH","label":"Autre","description":"Autre"}},{"ref":"HOT","label":"Ardoise HOT","description":"Ardoise de prise de commande déportée","conceptType":{"ref":"OTH","label":"Autre","description":"Autre"}},{"ref":"KIOSK","label":"Kiosk","description":"Borne interactive de saisie de commande, localisée dans le lobby","conceptType":{"ref":"OTH","label":"Autre","description":"Autre"}},{"ref":"LAD","label":"LAD","description":"","conceptType":{"ref":"OTH","label":"Autre","description":"Autre"}},{"ref":"MCCAFE","label":"McCafé","description":"","conceptType":{"ref":"SRV","label":"Service produit","description":"Service produit"}},{"ref":"MCCAFE_DPT","label":"McCafe Déporté","description":"","conceptType":{"ref":"OTH","label":"Autre","description":"Autre"}},{"ref":"MFY","label":"Made For You","description":"Made For You","conceptType":{"ref":"TYP","label":"Typologie du restaurant","description":"Typologie du restaurant"}},{"ref":"MIP","label":"Monétique IP","description":"","conceptType":{"ref":"OTH","label":"Autre","description":"Autre"}},{"ref":"NP6","label":"NP6","description":"Restaurant équipé du système NP6","conceptType":{"ref":"OTH","label":"Autre","description":"Autre"}}],"openDate":"1985-03-09","closeDate":"0001-01-01","status":"OPEN","originals":false,"cashRegisterType":"NP6","kioskType":"KIOSK_ACRELEC","email":"","deliveryPartners":[],"saleTypes":["EAT_IN","TAKE_OUT"],"ref":"35","nationalPromotionOptin":true,"restaurantAddress":[{"address1":"McDonald's 17 Rue de l'Arc en Ciel","address4":"","zipCode":"75001","city":"PARIS","country":"FR","label":"RESTAURANT","addressType":"RESTAURANT","id":20,"type":"DEFAULT"}],"openingHours":[{"day":1,"beginHour":"07:00","endHour":"23:00","active":true,"slotDetails":[{"beginHour":"07:00","endHour":"23:00","active":true}],"exceptionalDay":false},{"day":2,"beginHour":"07:00","endHour":"23:00","active":true,"slotDetails":[{"beginHour":"07:00","endHour":"23:00","active":true}],"exceptionalDay":false},{"day":3,"beginHour":"07:00","endHour":"23:00","active":true,"slotDetails":[{"beginHour":"07:00","endHour":"23:00","active":true}],"exceptionalDay":false},{"day":4,"beginHour":"07:00","endHour":"23:00","active":true,"slotDetails":[{"beginHour":"07:00","endHour":"23:00","active":true}],"exceptionalDay":false},{"day":5,"beginHour":"07:00","endHour":"23:00","active":true,"slotDetails":[{"beginHour":"07:00","endHour":"23:00","active":true}],"exceptionalDay":false},{"day":6,"beginHour":"07:00","endHour":"23:00","active":true,"slotDetails":[{"beginHour":"07:00","endHour":"23:00","active":true}],"exceptionalDay":false},{"day":7,"beginHour":"07:00","endHour":"23:00","active":true,"slotDetails":[{"beginHour":"07:00","endHour":"23:00","active":true}],"exceptionalDay":false}],"donationOptin":false,"selectiveSorting":false,"actualMaxAmountCAndC":20000,"actualMaxAmountMcDelivery":7500}