{"name":"LYON LA PART DIEU","phone":"0472611751","fax":"0478620539","exceptionalOpening":"Le 24 et le 31 décembre : fermeture à 18h, Restaurant fermé le 25 décembre. Lors des ouvertures exceptionnelles du restaurant Dimanche : 6h00-23h30","companyName":"LPD MALL SARL                                               ","coordinates":{"latitude":45.761703,"longitude":4.855338145},"region":"EST","storeConcepts":[{"ref":"FK","label":"Full Kitchen","description":"Full Kitchen","conceptType":{"ref":"TYP","label":"Typologie du restaurant","description":"Typologie du restaurant"}},{"ref":"HOT","label":"Ardoise HOT","description":"Ardoise de prise de commande déportée","conceptType":{"ref":"OTH","label":"Autre","description":"Autre"}},{"ref":"JEUINTERNE","label":"Aire de jeu intérieure","description":"Aire de jeu localisée à l'intérieur du bâtiment principal","conceptType":{"ref":"OTH","label":"Autre","description":"Autre"}},{"ref":"KIOSK","label":"Kiosk","description":"Borne interactive de saisie de commande, localisée dans le lobby","conceptType":{"ref":"OTH","label":"Autre","description":"Autre"}},{"ref":"MCCAFE","label":"McCafé","description":"","conceptType":{"ref":"SRV","label":"Service produit","description":"Service produit"}},{"ref":"NP6","label":"NP6","description":"Restaurant équipé du système NP6","conceptType":{"ref":"OTH","label":"Autre","description":"Autre"}}],"openDate":"1983-03-03","closeDate":"2019-12-15","status":"CLOSED","originals":false,"cashRegisterType":"NP6","kioskType":"KIOSK_ACRELEC","email":"","deliveryPartners":[],"saleTypes":[],"ref":"21","nationalPromotionOptin":true,"restaurantAddress":[{"address1":"C.Cial La Part Dieu, 166 bis allée de la Saône","address2":"166 B Allée de la Saône","zipCode":"69003","city":"LYON","country":"FR","label":"RESTAURANT","addressType":"RESTAURANT","id":6,"type":"DEFAULT"}],"openingHours":[{"day":1,"beginHour":"09:00","endHour":"01:00","active":true,"slotDetails":[{"beginHour":"09:00","endHour":"01:00","active":true}],"exceptionalDay":false},{"day":2,"beginHour":"09:00","endHour":"01:00","active":true,"slotDetails":[{"beginHour":"09:00","endHour":"01:00","active":true}],"exceptionalDay":false},{"day":3,"beginHour":"09:00","endHour":"11:59","active":true,"slotDetails":[{"beginHour":"09:00","endHour":"11:59","active":true}],"exceptionalDay":false},{"day":4,"beginHour":"10:00","endHour":"09:59","active":true,"slotDetails":[{"beginHour":"10:00","endHour":"09:59","active":true}],"exceptionalDay":false},{"day":6,"beginHour":"10:00","endHour":"01:00","active":true,"slotDetails":[{"beginHour":"10:00","endHour":"01:00","active":true}],"exceptionalDay":false},{"day":7,"beginHour":"10:00","endHour":"01:00","active":true,"slotDetails":[{"beginHour":"10:00","endHour":"01:00","active":true}],"exceptionalDay":false}],"donationOptin":false,"selectiveSorting":false,"actualMaxAmountCAndC":20000,"actualMaxAmountMcDelivery":7500}