{"name":"PONTAULT COMBAULT","phone":"0164408634","fax":"0160291892","exceptionalOpening":"Dimanche et jours fériés","companyName":"AMANDLA SA                                                  ","coordinates":{"latitude":48.77663273,"longitude":2.605246151},"region":"CENTRE","storeConcepts":[{"ref":"HOT","label":"Ardoise HOT","description":"Ardoise de prise de commande déportée","conceptType":{"ref":"OTH","label":"Autre","description":"Autre"}},{"ref":"JEUINTERNE","label":"Aire de jeu intérieure","description":"Aire de jeu localisée à l'intérieur du bâtiment principal","conceptType":{"ref":"OTH","label":"Autre","description":"Autre"}},{"ref":"KIOSK","label":"Kiosk","description":"Borne interactive de saisie de commande, localisée dans le lobby","conceptType":{"ref":"OTH","label":"Autre","description":"Autre"}},{"ref":"LAD","label":"LAD","description":"","conceptType":{"ref":"OTH","label":"Autre","description":"Autre"}},{"ref":"MFY","label":"Made For You","description":"Made For You","conceptType":{"ref":"TYP","label":"Typologie du restaurant","description":"Typologie du restaurant"}},{"ref":"NP6","label":"NP6","description":"Restaurant équipé du système NP6","conceptType":{"ref":"OTH","label":"Autre","description":"Autre"}}],"openDate":"1986-05-30","closeDate":"0001-01-01","status":"OPEN","originals":false,"cashRegisterType":"NP6","kioskType":"KIOSK_ACRELEC","email":"","deliveryPartners":[{"ref":"uberdirect","name":"uberdirect","deliveryDistance":7.0}],"saleTypes":["EAT_IN","TAKE_OUT","HOME_DELIVERY"],"ref":"46","nationalPromotionOptin":true,"restaurantAddress":[{"address1":"Centre Commercial Carrefour.","address2":"RN 4","zipCode":"77340","city":"PONTAULT COMBAULT","country":"FR","label":"RESTAURANT","addressType":"RESTAURANT","id":31,"type":"DEFAULT"}],"openingHours":[{"day":1,"beginHour":"08:30","endHour":"22:00","active":true,"slotDetails":[{"beginHour":"08:30","endHour":"22:00","active":true}],"exceptionalDay":false},{"day":2,"beginHour":"08:30","endHour":"22:00","active":true,"slotDetails":[{"beginHour":"08:30","endHour":"22:00","active":true}],"exceptionalDay":false},{"day":3,"beginHour":"08:30","endHour":"22:00","active":true,"slotDetails":[{"beginHour":"08:30","endHour":"22:00","active":true}],"exceptionalDay":false},{"day":4,"beginHour":"08:30","endHour":"22:00","active":true,"slotDetails":[{"beginHour":"08:30","endHour":"22:00","active":true}],"exceptionalDay":false},{"day":5,"beginHour":"08:30","endHour":"23:00","active":true,"slotDetails":[{"beginHour":"08:30","endHour":"23:00","active":true}],"exceptionalDay":false},{"day":6,"beginHour":"08:30","endHour":"23:00","active":true,"slotDetails":[{"beginHour":"08:30","endHour":"23:00","active":true}],"exceptionalDay":false},{"day":7,"beginHour":"08:30","endHour":"22:00","active":true,"slotDetails":[{"beginHour":"08:30","endHour":"22:00","active":true}],"exceptionalDay":false}],"donationOptin":false,"selectiveSorting":false,"actualMaxAmountCAndC":20000,"actualMaxAmountMcDelivery":7500}