{"name":"CLUNY","phone":"0181695475","fax":"","companyName":"MCDONALD'S PARIS SUD","coordinates":{"latitude":48.8513965,"longitude":2.34371320000002},"region":"MCOPCO 100%","storeConcepts":[{"ref":"HOT","label":"Ardoise HOT","description":"Ardoise de prise de commande déportée","conceptType":{"ref":"OTH","label":"Autre","description":"Autre"}},{"ref":"KIOSK","label":"Kiosk","description":"Borne interactive de saisie de commande, localisée dans le lobby","conceptType":{"ref":"OTH","label":"Autre","description":"Autre"}},{"ref":"LAD","label":"LAD","description":"","conceptType":{"ref":"OTH","label":"Autre","description":"Autre"}},{"ref":"MFY","label":"Made For You","description":"Made For You","conceptType":{"ref":"TYP","label":"Typologie du restaurant","description":"Typologie du restaurant"}},{"ref":"NP6","label":"NP6","description":"Restaurant équipé du système NP6","conceptType":{"ref":"OTH","label":"Autre","description":"Autre"}},{"ref":"ORB","label":"ORB","description":"","conceptType":{"ref":"OTH","label":"Autre","description":"Autre"}}],"openDate":"1985-12-06","closeDate":"0001-01-01","status":"OPEN","originals":false,"cashRegisterType":"NP6","kioskType":"KIOSK_ACRELEC","email":"","deliveryPartners":[{"ref":"uberdirect","name":"uberdirect","deliveryDistance":7.0}],"saleTypes":["EAT_IN","TAKE_OUT","HOME_DELIVERY"],"ref":"37","nationalPromotionOptin":true,"restaurantAddress":[{"address1":"98 Boulevard Saint Germain","address2":"","address3":"","address4":"","zipCode":"75005","city":"PARIS","country":"FR","label":"RESTAURANT","addressType":"RESTAURANT","id":22,"type":"DEFAULT"}],"openingHours":[{"day":1,"beginHour":"08:30","endHour":"01:00","active":true,"slotDetails":[{"beginHour":"08:30","endHour":"01:00","active":true}],"exceptionalDay":false},{"day":2,"beginHour":"08:30","endHour":"01:00","active":true,"slotDetails":[{"beginHour":"08:30","endHour":"01:00","active":true}],"exceptionalDay":false},{"day":3,"beginHour":"08:30","endHour":"01:00","active":true,"slotDetails":[{"beginHour":"08:30","endHour":"01:00","active":true}],"exceptionalDay":false},{"day":4,"beginHour":"08:30","endHour":"02:00","active":true,"slotDetails":[{"beginHour":"08:30","endHour":"02:00","active":true}],"exceptionalDay":false},{"day":5,"beginHour":"08:30","endHour":"02:00","active":true,"slotDetails":[{"beginHour":"08:30","endHour":"02:00","active":true}],"exceptionalDay":false},{"day":6,"beginHour":"08:30","endHour":"02:00","active":true,"slotDetails":[{"beginHour":"08:30","endHour":"02:00","active":true}],"exceptionalDay":false},{"day":7,"beginHour":"08:30","endHour":"01:00","active":true,"slotDetails":[{"beginHour":"08:30","endHour":"01:00","active":true}],"exceptionalDay":false}],"donationOptin":false,"selectiveSorting":true,"actualMaxAmountCAndC":20000,"actualMaxAmountMcDelivery":7500}