{"name":"SAINT ETIENNE","phone":"0477381933","fax":"0477410575","exceptionalOpening":"","companyName":"TOSA MANAGEMENT","coordinates":{"latitude":0.0,"longitude":0.0},"region":"CENTRE","storeConcepts":[],"openDate":"1980-10-06","closeDate":"2005-01-01","status":"CLOSED","originals":false,"cashRegisterType":"POSv5","kioskType":"KIOSK_ACRELEC","email":"","deliveryPartners":[],"saleTypes":[],"ref":"17","nationalPromotionOptin":true,"restaurantAddress":[{"address1":"31-33 Place du Peuple","address2":"","address3":"","address4":"","zipCode":"42000","city":"SAINT ETIENNE","country":"FR","label":"RESTAURANT","addressType":"RESTAURANT","id":2,"type":"DEFAULT"}],"openingHours":[{"day":1,"beginHour":"09:00","endHour":"01:00","active":true,"slotDetails":[{"beginHour":"09:00","endHour":"01:00","active":true}],"exceptionalDay":false},{"day":2,"beginHour":"09:00","endHour":"01:00","active":true,"slotDetails":[{"beginHour":"09:00","endHour":"01:00","active":true}],"exceptionalDay":false},{"day":3,"beginHour":"09:00","endHour":"11:59","active":true,"slotDetails":[{"beginHour":"09:00","endHour":"11:59","active":true}],"exceptionalDay":false},{"day":4,"beginHour":"10:00","endHour":"09:59","active":true,"slotDetails":[{"beginHour":"10:00","endHour":"09:59","active":true}],"exceptionalDay":false},{"day":6,"beginHour":"10:00","endHour":"01:00","active":true,"slotDetails":[{"beginHour":"10:00","endHour":"01:00","active":true}],"exceptionalDay":false},{"day":7,"beginHour":"10:00","endHour":"01:00","active":true,"slotDetails":[{"beginHour":"10:00","endHour":"01:00","active":true}],"exceptionalDay":false}],"donationOptin":false,"selectiveSorting":false,"actualMaxAmountCAndC":20000,"actualMaxAmountMcDelivery":7500}