{"name":"PARIS MONTMARTRE","phone":"0140220651","fax":"0140229670","companyName":"MONTMARTRE EXPRESS SARL                                     ","coordinates":{"latitude":48.872054,"longitude":2.340324},"region":"CENTRE","storeConcepts":[{"ref":"HOT","label":"Ardoise HOT","description":"Ardoise de prise de commande déportée","conceptType":{"ref":"OTH","label":"Autre","description":"Autre"}},{"ref":"KIOSK","label":"Kiosk","description":"Borne interactive de saisie de commande, localisée dans le lobby","conceptType":{"ref":"OTH","label":"Autre","description":"Autre"}},{"ref":"LAD","label":"LAD","description":"","conceptType":{"ref":"OTH","label":"Autre","description":"Autre"}},{"ref":"MENUBOARD","label":"Menu-Board Digital","description":"Ecran LCD disposé au dessus du comptoir pour proposer des visuels produits aux clients de la file d'attente","conceptType":{"ref":"OTH","label":"Autre","description":"Autre"}},{"ref":"MFY","label":"Made For You","description":"Made For You","conceptType":{"ref":"TYP","label":"Typologie du restaurant","description":"Typologie du restaurant"}},{"ref":"NP6","label":"NP6","description":"Restaurant équipé du système NP6","conceptType":{"ref":"OTH","label":"Autre","description":"Autre"}},{"ref":"VAE","label":"Vente A Emporter","description":"Guichet dédié à la vente à emporter, donnant sur l'extérieur du bâtiment","conceptType":{"ref":"OTH","label":"Autre","description":"Autre"}}],"openDate":"1984-01-27","closeDate":"0001-01-01","status":"OPEN","originals":false,"cashRegisterType":"NP6","kioskType":"KIOSK_ACRELEC","email":"","deliveryPartners":[{"ref":"uberdirect","name":"uberdirect","deliveryDistance":7.0}],"saleTypes":["EAT_IN","TAKE_OUT","HOME_DELIVERY"],"ref":"27","nationalPromotionOptin":true,"restaurantAddress":[{"address1":"20 Boulevard Montmartre","address2":"","address3":"","address4":"","zipCode":"75009","city":"PARIS","country":"FR","label":"RESTAURANT","addressType":"RESTAURANT","id":12,"type":"DEFAULT"}],"openingHours":[{"day":1,"beginHour":"10:00","endHour":"00:00","active":true,"slotDetails":[{"beginHour":"10:00","endHour":"00:00","active":true}],"exceptionalDay":false},{"day":2,"beginHour":"10:00","endHour":"00:00","active":true,"slotDetails":[{"beginHour":"10:00","endHour":"00:00","active":true}],"exceptionalDay":false},{"day":3,"beginHour":"10:00","endHour":"02:00","active":true,"slotDetails":[{"beginHour":"10:00","endHour":"02:00","active":true}],"exceptionalDay":false},{"day":4,"beginHour":"10:00","endHour":"02:00","active":true,"slotDetails":[{"beginHour":"10:00","endHour":"02:00","active":true}],"exceptionalDay":false},{"day":5,"beginHour":"10:00","endHour":"02:00","active":true,"slotDetails":[{"beginHour":"10:00","endHour":"02:00","active":true}],"exceptionalDay":false},{"day":6,"beginHour":"10:00","endHour":"02:00","active":true,"slotDetails":[{"beginHour":"10:00","endHour":"02:00","active":true}],"exceptionalDay":false},{"day":7,"beginHour":"10:00","endHour":"00:00","active":true,"slotDetails":[{"beginHour":"10:00","endHour":"00:00","active":true}],"exceptionalDay":false}],"donationOptin":false,"selectiveSorting":false,"actualMaxAmountCAndC":20000.00,"actualMaxAmountMcDelivery":7500}