{"name":"NICE JEAN MEDECIN","phone":"0493870401","fax":"0493169654","exceptionalOpening":"Ouvert tous les jours fériés","companyName":"MAJ SAS                                                     ","coordinates":{"latitude":43.70474,"longitude":7.26532},"region":"EST","storeConcepts":[{"ref":"HOT","label":"Ardoise HOT","description":"Ardoise de prise de commande déportée","conceptType":{"ref":"OTH","label":"Autre","description":"Autre"}},{"ref":"KIOSK","label":"Kiosk","description":"Borne interactive de saisie de commande, localisée dans le lobby","conceptType":{"ref":"OTH","label":"Autre","description":"Autre"}},{"ref":"LAD","label":"LAD","description":"","conceptType":{"ref":"OTH","label":"Autre","description":"Autre"}},{"ref":"MFY","label":"Made For You","description":"Made For You","conceptType":{"ref":"TYP","label":"Typologie du restaurant","description":"Typologie du restaurant"}},{"ref":"NP6","label":"NP6","description":"Restaurant équipé du système NP6","conceptType":{"ref":"OTH","label":"Autre","description":"Autre"}}],"openDate":"1982-12-21","closeDate":"0001-01-01","status":"OPEN","originals":false,"cashRegisterType":"NP6","kioskType":"KIOSK_ACRELEC","email":"","deliveryPartners":[{"ref":"uberdirect","name":"uberdirect","deliveryDistance":7.0}],"saleTypes":["EAT_IN","TAKE_OUT","HOME_DELIVERY"],"ref":"31","nationalPromotionOptin":true,"restaurantAddress":[{"address1":"47 bis Avenue Jean Médecin","zipCode":"06000","city":"NICE","country":"FR","label":"RESTAURANT","addressType":"RESTAURANT","id":16,"type":"DEFAULT"}],"openingHours":[{"day":1,"beginHour":"07:30","endHour":"00:30","active":true,"slotDetails":[{"beginHour":"07:30","endHour":"00:30","active":true}],"exceptionalDay":false},{"day":2,"beginHour":"07:30","endHour":"00:30","active":true,"slotDetails":[{"beginHour":"07:30","endHour":"00:30","active":true}],"exceptionalDay":false},{"day":3,"beginHour":"07:30","endHour":"00:30","active":true,"slotDetails":[{"beginHour":"07:30","endHour":"00:30","active":true}],"exceptionalDay":false},{"day":4,"beginHour":"07:30","endHour":"00:30","active":true,"slotDetails":[{"beginHour":"07:30","endHour":"00:30","active":true}],"exceptionalDay":false},{"day":5,"beginHour":"07:30","endHour":"00:30","active":true,"slotDetails":[{"beginHour":"07:30","endHour":"00:30","active":true}],"exceptionalDay":false},{"day":6,"beginHour":"07:30","endHour":"00:30","active":true,"slotDetails":[{"beginHour":"07:30","endHour":"00:30","active":true}],"exceptionalDay":false},{"day":7,"beginHour":"07:30","endHour":"00:30","active":true,"slotDetails":[{"beginHour":"07:30","endHour":"00:30","active":true}],"exceptionalDay":false}],"donationOptin":false,"selectiveSorting":true,"actualMaxAmountCAndC":20000,"actualMaxAmountMcDelivery":7500}