{"name":"MULHOUSE AVENUE DE COLMAR","phone":"0389463351","fax":"","exceptionalOpening":"","companyName":"SOREAL S.A                                                  ","coordinates":{"latitude":0.0,"longitude":0.0},"region":"EST","storeConcepts":[],"openDate":"1981-10-05","closeDate":"2000-12-31","status":"CLOSED","originals":false,"cashRegisterType":"NP6","kioskType":"KIOSK_ACRELEC","email":"","deliveryPartners":[],"saleTypes":[],"ref":"20","nationalPromotionOptin":true,"restaurantAddress":[{"address1":"19 Avenue De Colmar","address2":"","address3":"","address4":"","zipCode":"68100","city":"MULHOUSE","country":"FR","label":"RESTAURANT","addressType":"RESTAURANT","id":5,"type":"DEFAULT"}],"openingHours":[{"day":1,"beginHour":"09:00","endHour":"01:00","active":true,"slotDetails":[{"beginHour":"09:00","endHour":"01:00","active":true}],"exceptionalDay":false},{"day":2,"beginHour":"09:00","endHour":"01:00","active":true,"slotDetails":[{"beginHour":"09:00","endHour":"01:00","active":true}],"exceptionalDay":false},{"day":3,"beginHour":"09:00","endHour":"11:59","active":true,"slotDetails":[{"beginHour":"09:00","endHour":"11:59","active":true}],"exceptionalDay":false},{"day":4,"beginHour":"10:00","endHour":"09:59","active":true,"slotDetails":[{"beginHour":"10:00","endHour":"09:59","active":true}],"exceptionalDay":false},{"day":6,"beginHour":"10:00","endHour":"01:00","active":true,"slotDetails":[{"beginHour":"10:00","endHour":"01:00","active":true}],"exceptionalDay":false},{"day":7,"beginHour":"10:00","endHour":"01:00","active":true,"slotDetails":[{"beginHour":"10:00","endHour":"01:00","active":true}],"exceptionalDay":false}],"donationOptin":false,"selectiveSorting":false,"actualMaxAmountCAndC":20000,"actualMaxAmountMcDelivery":7500}