{"name":"NANTES COMMERCE","phone":"0251729000","fax":"0240470273","exceptionalOpening":"OUVERT LES JOURS FÉRIÉS excepté le 25 décembre","companyName":"NANTES COMMERCE SA                                          ","coordinates":{"latitude":47.21400519,"longitude":-1.558361422},"region":"OUEST","storeConcepts":[{"ref":"CDE_GRP_CH","label":"Cde Groupée Chaud","description":"","conceptType":{"ref":"OTH","label":"Autre","description":"Autre"}},{"ref":"CDE_GRP_FC","label":"Cde Groupée Froid Comptoir","description":"","conceptType":{"ref":"OTH","label":"Autre","description":"Autre"}},{"ref":"HOT","label":"Ardoise HOT","description":"Ardoise de prise de commande déportée","conceptType":{"ref":"OTH","label":"Autre","description":"Autre"}},{"ref":"KIOSK","label":"Kiosk","description":"Borne interactive de saisie de commande, localisée dans le lobby","conceptType":{"ref":"OTH","label":"Autre","description":"Autre"}},{"ref":"LAD","label":"LAD","description":"","conceptType":{"ref":"OTH","label":"Autre","description":"Autre"}},{"ref":"MFY","label":"Made For You","description":"Made For You","conceptType":{"ref":"TYP","label":"Typologie du restaurant","description":"Typologie du restaurant"}},{"ref":"NP6","label":"NP6","description":"Restaurant équipé du système NP6","conceptType":{"ref":"OTH","label":"Autre","description":"Autre"}}],"openDate":"1983-12-16","closeDate":"0001-01-01","status":"OPEN","originals":false,"cashRegisterType":"NP6","kioskType":"KIOSK_ACRELEC","email":"","deliveryPartners":[{"ref":"uberdirect","name":"uberdirect","deliveryDistance":7.0}],"saleTypes":["EAT_IN","TAKE_OUT","HOME_DELIVERY"],"ref":"26","nationalPromotionOptin":true,"restaurantAddress":[{"address1":"3 Rue de Gorges","zipCode":"44000","city":"NANTES","country":"FR","label":"RESTAURANT","addressType":"RESTAURANT","id":11,"type":"DEFAULT"}],"openingHours":[{"day":1,"beginHour":"08:00","endHour":"00:00","active":true,"slotDetails":[{"beginHour":"08:00","endHour":"00:00","active":true}],"exceptionalDay":false},{"day":2,"beginHour":"08:00","endHour":"00:00","active":true,"slotDetails":[{"beginHour":"08:00","endHour":"00:00","active":true}],"exceptionalDay":false},{"day":3,"beginHour":"08:00","endHour":"00:00","active":true,"slotDetails":[{"beginHour":"08:00","endHour":"00:00","active":true}],"exceptionalDay":false},{"day":4,"beginHour":"08:00","endHour":"00:00","active":true,"slotDetails":[{"beginHour":"08:00","endHour":"00:00","active":true}],"exceptionalDay":false},{"day":5,"beginHour":"08:00","endHour":"00:00","active":true,"slotDetails":[{"beginHour":"08:00","endHour":"00:00","active":true}],"exceptionalDay":false},{"day":6,"beginHour":"08:00","endHour":"00:00","active":true,"slotDetails":[{"beginHour":"08:00","endHour":"00:00","active":true}],"exceptionalDay":false},{"day":7,"beginHour":"08:00","endHour":"00:00","active":true,"slotDetails":[{"beginHour":"08:00","endHour":"00:00","active":true}],"exceptionalDay":false}],"donationOptin":false,"selectiveSorting":false,"actualMaxAmountCAndC":20000,"actualMaxAmountMcDelivery":7500}