{"name":"BORDEAUX SAINTE CATHERINE CENTRE","phone":"0556482321","fax":"","companyName":"FCB EURL","coordinates":{"latitude":44.841053,"longitude":-0.574616355},"region":"OUEST","storeConcepts":[{"ref":"HOT","label":"Ardoise HOT","description":"Ardoise de prise de commande déportée","conceptType":{"ref":"OTH","label":"Autre","description":"Autre"}},{"ref":"KIOSK","label":"Kiosk","description":"Borne interactive de saisie de commande, localisée dans le lobby","conceptType":{"ref":"OTH","label":"Autre","description":"Autre"}},{"ref":"LAD","label":"LAD","description":"","conceptType":{"ref":"OTH","label":"Autre","description":"Autre"}},{"ref":"MFY","label":"Made For You","description":"Made For You","conceptType":{"ref":"TYP","label":"Typologie du restaurant","description":"Typologie du restaurant"}},{"ref":"NP6","label":"NP6","description":"Restaurant équipé du système NP6","conceptType":{"ref":"OTH","label":"Autre","description":"Autre"}},{"ref":"ORB","label":"ORB","description":"","conceptType":{"ref":"OTH","label":"Autre","description":"Autre"}}],"openDate":"1983-12-16","closeDate":"0001-01-01","status":"OPEN","originals":false,"cashRegisterType":"NP6","kioskType":"KIOSK_ACRELEC","email":"","deliveryPartners":[{"ref":"uberdirect","name":"uberdirect","deliveryDistance":7.0}],"saleTypes":["EAT_IN","TAKE_OUT","HOME_DELIVERY"],"ref":"24","nationalPromotionOptin":true,"restaurantAddress":[{"address1":"21-23 Rue Sainte Catherine","address2":"","address3":"","address4":"","zipCode":"33000","city":"BORDEAUX","country":"FR","label":"RESTAURANT","addressType":"RESTAURANT","id":9,"type":"DEFAULT"}],"openingHours":[{"day":1,"beginHour":"08:00","endHour":"02:00","active":true,"slotDetails":[{"beginHour":"08:00","endHour":"02:00","active":true}],"exceptionalDay":false},{"day":2,"beginHour":"08:00","endHour":"02:00","active":true,"slotDetails":[{"beginHour":"08:00","endHour":"02:00","active":true}],"exceptionalDay":false},{"day":3,"beginHour":"08:00","endHour":"02:00","active":true,"slotDetails":[{"beginHour":"08:00","endHour":"02:00","active":true}],"exceptionalDay":false},{"day":4,"beginHour":"08:00","endHour":"02:00","active":true,"slotDetails":[{"beginHour":"08:00","endHour":"02:00","active":true}],"exceptionalDay":false},{"day":5,"beginHour":"08:00","endHour":"02:00","active":true,"slotDetails":[{"beginHour":"08:00","endHour":"02:00","active":true}],"exceptionalDay":false},{"day":6,"beginHour":"08:00","endHour":"02:00","active":true,"slotDetails":[{"beginHour":"08:00","endHour":"02:00","active":true}],"exceptionalDay":false},{"day":7,"beginHour":"08:00","endHour":"02:00","active":true,"slotDetails":[{"beginHour":"08:00","endHour":"02:00","active":true}],"exceptionalDay":false}],"donationOptin":false,"selectiveSorting":true,"actualMaxAmountCAndC":20000,"actualMaxAmountMcDelivery":7500}