{"name":"NANCY CENTRE","phone":"0383354799","fax":"0385357625","companyName":"LORNAN S.A.R.L                                              ","coordinates":{"latitude":48.6902497,"longitude":6.1830301},"region":"EST","storeConcepts":[{"ref":"CDE_GRP_CH","label":"Cde Groupée Chaud","description":"","conceptType":{"ref":"OTH","label":"Autre","description":"Autre"}},{"ref":"CDE_GRP_FC","label":"Cde Groupée Froid Comptoir","description":"","conceptType":{"ref":"OTH","label":"Autre","description":"Autre"}},{"ref":"DRVPIETON","label":"Drive Pieton","description":"","conceptType":{"ref":"OTH","label":"Autre","description":"Autre"}},{"ref":"HOT","label":"Ardoise HOT","description":"Ardoise de prise de commande déportée","conceptType":{"ref":"OTH","label":"Autre","description":"Autre"}},{"ref":"KIOSK","label":"Kiosk","description":"Borne interactive de saisie de commande, localisée dans le lobby","conceptType":{"ref":"OTH","label":"Autre","description":"Autre"}},{"ref":"LAD","label":"LAD","description":"","conceptType":{"ref":"OTH","label":"Autre","description":"Autre"}},{"ref":"MCCAFE","label":"McCafé","description":"","conceptType":{"ref":"SRV","label":"Service produit","description":"Service produit"}},{"ref":"MCCAFE_DPT","label":"McCafe Déporté","description":"","conceptType":{"ref":"OTH","label":"Autre","description":"Autre"}},{"ref":"MFY","label":"Made For You","description":"Made For You","conceptType":{"ref":"TYP","label":"Typologie du restaurant","description":"Typologie du restaurant"}},{"ref":"NP6","label":"NP6","description":"Restaurant équipé du système NP6","conceptType":{"ref":"OTH","label":"Autre","description":"Autre"}}],"openDate":"1981-07-20","closeDate":"0001-01-01","status":"OPEN","originals":false,"cashRegisterType":"NP6","kioskType":"KIOSK_ACRELEC","email":"","deliveryPartners":[{"ref":"uberdirect","name":"uberdirect","deliveryDistance":7.0}],"saleTypes":["EAT_IN","TAKE_OUT","HOME_DELIVERY"],"ref":"19","nationalPromotionOptin":true,"restaurantAddress":[{"address1":"57 Rue Saint Dizier","address2":"","address3":"","address4":"","zipCode":"54000","city":"NANCY","country":"FR","label":"RESTAURANT","addressType":"RESTAURANT","id":4,"type":"DEFAULT"}],"openingHours":[{"day":1,"beginHour":"07:30","endHour":"23:30","active":true,"slotDetails":[{"beginHour":"07:30","endHour":"23:30","active":true}],"exceptionalDay":false},{"day":2,"beginHour":"07:30","endHour":"23:30","active":true,"slotDetails":[{"beginHour":"07:30","endHour":"23:30","active":true}],"exceptionalDay":false},{"day":3,"beginHour":"07:30","endHour":"23:30","active":true,"slotDetails":[{"beginHour":"07:30","endHour":"23:30","active":true}],"exceptionalDay":false},{"day":4,"beginHour":"07:30","endHour":"00:00","active":true,"slotDetails":[{"beginHour":"07:30","endHour":"00:00","active":true}],"exceptionalDay":false},{"day":5,"beginHour":"07:30","endHour":"00:00","active":true,"slotDetails":[{"beginHour":"07:30","endHour":"00:00","active":true}],"exceptionalDay":false},{"day":6,"beginHour":"07:30","endHour":"00:00","active":true,"slotDetails":[{"beginHour":"07:30","endHour":"00:00","active":true}],"exceptionalDay":false},{"day":7,"beginHour":"07:30","endHour":"23:30","active":true,"slotDetails":[{"beginHour":"07:30","endHour":"23:30","active":true}],"exceptionalDay":false}],"donationOptin":false,"selectiveSorting":true,"actualMaxAmountCAndC":20000,"actualMaxAmountMcDelivery":7500}