{"name":"STRASBOURG HALLES","phone":"0388329359","fax":"0388327146","companyName":"KINGSTON S.A.                                               ","coordinates":{"latitude":48.586544,"longitude":7.742974},"region":"EST","storeConcepts":[{"ref":"CDE_GRP_CH","label":"Cde Groupée Chaud","description":"","conceptType":{"ref":"OTH","label":"Autre","description":"Autre"}},{"ref":"CDE_GRP_FC","label":"Cde Groupée Froid Comptoir","description":"","conceptType":{"ref":"OTH","label":"Autre","description":"Autre"}},{"ref":"HOT","label":"Ardoise HOT","description":"Ardoise de prise de commande déportée","conceptType":{"ref":"OTH","label":"Autre","description":"Autre"}},{"ref":"KIOSK","label":"Kiosk","description":"Borne interactive de saisie de commande, localisée dans le lobby","conceptType":{"ref":"OTH","label":"Autre","description":"Autre"}},{"ref":"LAD","label":"LAD","description":"","conceptType":{"ref":"OTH","label":"Autre","description":"Autre"}},{"ref":"MCCAFE","label":"McCafé","description":"","conceptType":{"ref":"SRV","label":"Service produit","description":"Service produit"}},{"ref":"MCCAFE_DPT","label":"McCafe Déporté","description":"","conceptType":{"ref":"OTH","label":"Autre","description":"Autre"}},{"ref":"MFY","label":"Made For You","description":"Made For You","conceptType":{"ref":"TYP","label":"Typologie du restaurant","description":"Typologie du restaurant"}},{"ref":"NP6","label":"NP6","description":"Restaurant équipé du système NP6","conceptType":{"ref":"OTH","label":"Autre","description":"Autre"}},{"ref":"ORB","label":"ORB","description":"","conceptType":{"ref":"OTH","label":"Autre","description":"Autre"}}],"openDate":"1979-09-17","closeDate":"0001-01-01","status":"OPEN","originals":false,"cashRegisterType":"NP6","kioskType":"KIOSK_ACRELEC","email":"","deliveryPartners":[{"ref":"uberdirect","name":"uberdirect","deliveryDistance":7.0}],"saleTypes":["EAT_IN","TAKE_OUT","HOME_DELIVERY"],"ref":"16","nationalPromotionOptin":true,"restaurantAddress":[{"address1":" Centre Commercial des HallesBP 46","address2":"","address3":"","address4":"","zipCode":"67052","city":"STRASBOURG CEDEX","country":"FR","label":"RESTAURANT","addressType":"RESTAURANT","id":5948,"type":"DEFAULT"}],"openingHours":[{"day":1,"beginHour":"08:00","endHour":"22:00","active":true,"slotDetails":[{"beginHour":"08:00","endHour":"22:00","active":true}],"exceptionalDay":false},{"day":2,"beginHour":"08:00","endHour":"22:00","active":true,"slotDetails":[{"beginHour":"08:00","endHour":"22:00","active":true}],"exceptionalDay":false},{"day":3,"beginHour":"08:00","endHour":"22:00","active":true,"slotDetails":[{"beginHour":"08:00","endHour":"22:00","active":true}],"exceptionalDay":false},{"day":4,"beginHour":"08:00","endHour":"22:00","active":true,"slotDetails":[{"beginHour":"08:00","endHour":"22:00","active":true}],"exceptionalDay":false},{"day":5,"beginHour":"08:00","endHour":"22:00","active":true,"slotDetails":[{"beginHour":"08:00","endHour":"22:00","active":true}],"exceptionalDay":false},{"day":6,"beginHour":"08:00","endHour":"22:00","active":true,"slotDetails":[{"beginHour":"08:00","endHour":"22:00","active":true}],"exceptionalDay":false},{"day":7,"beginHour":"09:00","endHour":"20:00","active":true,"slotDetails":[{"beginHour":"09:00","endHour":"20:00","active":true}],"exceptionalDay":true}],"donationOptin":false,"selectiveSorting":true,"actualMaxAmountCAndC":20000,"actualMaxAmountMcDelivery":7500}