{"name":"MARSEILLE BONNEVEINE","phone":"0491756780","fax":"0491756779","companyName":"MARVEINE SAS","coordinates":{"latitude":43.2490359512367,"longitude":5.38952082395554},"region":"EST","storeConcepts":[{"ref":"CDE_GRP_FC","label":"Cde Groupée Froid Comptoir","description":"","conceptType":{"ref":"OTH","label":"Autre","description":"Autre"}},{"ref":"HOT","label":"Ardoise HOT","description":"Ardoise de prise de commande déportée","conceptType":{"ref":"OTH","label":"Autre","description":"Autre"}},{"ref":"JEUINTERNE","label":"Aire de jeu intérieure","description":"Aire de jeu localisée à l'intérieur du bâtiment principal","conceptType":{"ref":"OTH","label":"Autre","description":"Autre"}},{"ref":"KIOSK","label":"Kiosk","description":"Borne interactive de saisie de commande, localisée dans le lobby","conceptType":{"ref":"OTH","label":"Autre","description":"Autre"}},{"ref":"LAD","label":"LAD","description":"","conceptType":{"ref":"OTH","label":"Autre","description":"Autre"}},{"ref":"MFY","label":"Made For You","description":"Made For You","conceptType":{"ref":"TYP","label":"Typologie du restaurant","description":"Typologie du restaurant"}},{"ref":"NP6","label":"NP6","description":"Restaurant équipé du système NP6","conceptType":{"ref":"OTH","label":"Autre","description":"Autre"}}],"openDate":"1985-06-14","closeDate":"0001-01-01","status":"OPEN","originals":false,"cashRegisterType":"NP6","kioskType":"KIOSK_ACRELEC","email":"","deliveryPartners":[{"ref":"uberdirect","name":"uberdirect","deliveryDistance":7.0}],"saleTypes":["EAT_IN","TAKE_OUT","HOME_DELIVERY"],"ref":"38","nationalPromotionOptin":true,"restaurantAddress":[{"address1":"McDonald's Centre Commercial 122 Avenue de Hambourg","address2":"","address4":"","zipCode":"13008","city":"MARSEILLE","country":"FR","label":"RESTAURANT","addressType":"RESTAURANT","id":23,"type":"DEFAULT"}],"openingHours":[{"day":1,"beginHour":"08:00","endHour":"02:00","active":true,"slotDetails":[{"beginHour":"08:00","endHour":"02:00","active":true}],"exceptionalDay":false},{"day":2,"beginHour":"08:00","endHour":"02:00","active":true,"slotDetails":[{"beginHour":"08:00","endHour":"02:00","active":true}],"exceptionalDay":false},{"day":3,"beginHour":"08:00","endHour":"02:00","active":true,"slotDetails":[{"beginHour":"08:00","endHour":"02:00","active":true}],"exceptionalDay":false},{"day":4,"beginHour":"08:00","endHour":"02:00","active":true,"slotDetails":[{"beginHour":"08:00","endHour":"02:00","active":true}],"exceptionalDay":false},{"day":5,"beginHour":"08:00","endHour":"02:00","active":true,"slotDetails":[{"beginHour":"08:00","endHour":"02:00","active":true}],"exceptionalDay":false},{"day":6,"beginHour":"08:00","endHour":"02:00","active":true,"slotDetails":[{"beginHour":"08:00","endHour":"02:00","active":true}],"exceptionalDay":false},{"day":7,"beginHour":"09:00","endHour":"02:00","active":true,"slotDetails":[{"beginHour":"09:00","endHour":"02:00","active":true}],"exceptionalDay":false}],"donationOptin":false,"selectiveSorting":false,"actualMaxAmountCAndC":20000,"actualMaxAmountMcDelivery":7500}