{"name":"PARIS RIVOLI","phone":"0140399705","fax":"0142210596","companyName":"RRR SARL                                                    ","coordinates":{"latitude":48.8593647,"longitude":2.34605490000001},"region":"CENTRE","storeConcepts":[{"ref":"CDE_GRP_FC","label":"Cde Groupée Froid Comptoir","description":"","conceptType":{"ref":"OTH","label":"Autre","description":"Autre"}},{"ref":"HOT","label":"Ardoise HOT","description":"Ardoise de prise de commande déportée","conceptType":{"ref":"OTH","label":"Autre","description":"Autre"}},{"ref":"KIOSK","label":"Kiosk","description":"Borne interactive de saisie de commande, localisée dans le lobby","conceptType":{"ref":"OTH","label":"Autre","description":"Autre"}},{"ref":"LAD","label":"LAD","description":"","conceptType":{"ref":"OTH","label":"Autre","description":"Autre"}},{"ref":"MCCAFE","label":"McCafé","description":"","conceptType":{"ref":"SRV","label":"Service produit","description":"Service produit"}},{"ref":"MCCAFE_DPT","label":"McCafe Déporté","description":"","conceptType":{"ref":"OTH","label":"Autre","description":"Autre"}},{"ref":"MFY","label":"Made For You","description":"Made For You","conceptType":{"ref":"TYP","label":"Typologie du restaurant","description":"Typologie du restaurant"}},{"ref":"NP6","label":"NP6","description":"Restaurant équipé du système NP6","conceptType":{"ref":"OTH","label":"Autre","description":"Autre"}}],"openDate":"1985-02-22","closeDate":"0001-01-01","status":"OPEN","originals":false,"cashRegisterType":"NP6","kioskType":"KIOSK_ACRELEC","email":"","deliveryPartners":[{"ref":"uberdirect","name":"uberdirect","deliveryDistance":7.0}],"saleTypes":["EAT_IN","TAKE_OUT","HOME_DELIVERY"],"ref":"32","nationalPromotionOptin":true,"restaurantAddress":[{"address1":"116 Rue de Rivoli","address4":"","zipCode":"75001","city":"PARIS","country":"FR","label":"RESTAURANT","addressType":"RESTAURANT","id":17,"type":"DEFAULT"}],"openingHours":[{"day":1,"beginHour":"09:00","endHour":"01:00","active":true,"slotDetails":[{"beginHour":"09:00","endHour":"01:00","active":true}],"exceptionalDay":false},{"day":2,"beginHour":"09:00","endHour":"01:00","active":true,"slotDetails":[{"beginHour":"09:00","endHour":"01:00","active":true}],"exceptionalDay":false},{"day":3,"beginHour":"09:00","endHour":"02:00","active":true,"slotDetails":[{"beginHour":"09:00","endHour":"02:00","active":true}],"exceptionalDay":false},{"day":4,"beginHour":"09:00","endHour":"02:00","active":true,"slotDetails":[{"beginHour":"09:00","endHour":"02:00","active":true}],"exceptionalDay":false},{"day":5,"beginHour":"09:00","endHour":"02:00","active":true,"slotDetails":[{"beginHour":"09:00","endHour":"02:00","active":true}],"exceptionalDay":false},{"day":6,"beginHour":"09:00","endHour":"02:00","active":true,"slotDetails":[{"beginHour":"09:00","endHour":"02:00","active":true}],"exceptionalDay":false},{"day":7,"beginHour":"09:00","endHour":"01:00","active":true,"slotDetails":[{"beginHour":"09:00","endHour":"01:00","active":true}],"exceptionalDay":false}],"donationOptin":false,"selectiveSorting":false,"actualMaxAmountCAndC":20000,"actualMaxAmountMcDelivery":7500}