{"name":"PARIS CAUMARTIN","phone":"0148742212","fax":"0149950270","exceptionalOpening":"","companyName":"BYVA SARL                                                   ","coordinates":{"latitude":48.875475,"longitude":2.328309473},"region":"CENTRE","storeConcepts":[{"ref":"CDE_GRP_FC","label":"Cde Groupée Froid Comptoir","description":"","conceptType":{"ref":"OTH","label":"Autre","description":"Autre"}},{"ref":"HOT","label":"Ardoise HOT","description":"Ardoise de prise de commande déportée","conceptType":{"ref":"OTH","label":"Autre","description":"Autre"}},{"ref":"LAD","label":"LAD","description":"","conceptType":{"ref":"OTH","label":"Autre","description":"Autre"}},{"ref":"MFY","label":"Made For You","description":"Made For You","conceptType":{"ref":"TYP","label":"Typologie du restaurant","description":"Typologie du restaurant"}},{"ref":"NP6","label":"NP6","description":"Restaurant équipé du système NP6","conceptType":{"ref":"OTH","label":"Autre","description":"Autre"}}],"openDate":"1984-12-21","closeDate":"0001-01-01","status":"OPEN","originals":false,"cashRegisterType":"NP6","kioskType":"KIOSK_ACRELEC","email":"","deliveryPartners":[{"ref":"uberdirect","name":"uberdirect","deliveryDistance":7.0}],"saleTypes":["EAT_IN","TAKE_OUT","HOME_DELIVERY"],"ref":"29","nationalPromotionOptin":true,"restaurantAddress":[{"address1":"73 Rue Caumartin","address2":"","address3":"","address4":"","zipCode":"75009","city":"PARIS","country":"FR","label":"RESTAURANT","addressType":"RESTAURANT","id":14,"type":"DEFAULT"}],"openingHours":[{"day":1,"beginHour":"09:00","endHour":"00:00","active":true,"slotDetails":[{"beginHour":"09:00","endHour":"00:00","active":true}],"exceptionalDay":false},{"day":2,"beginHour":"09:00","endHour":"00:00","active":true,"slotDetails":[{"beginHour":"09:00","endHour":"00:00","active":true}],"exceptionalDay":false},{"day":3,"beginHour":"09:00","endHour":"00:00","active":true,"slotDetails":[{"beginHour":"09:00","endHour":"00:00","active":true}],"exceptionalDay":false},{"day":4,"beginHour":"09:00","endHour":"00:00","active":true,"slotDetails":[{"beginHour":"09:00","endHour":"00:00","active":true}],"exceptionalDay":false},{"day":5,"beginHour":"09:00","endHour":"00:00","active":true,"slotDetails":[{"beginHour":"09:00","endHour":"00:00","active":true}],"exceptionalDay":false},{"day":6,"beginHour":"09:00","endHour":"00:00","active":true,"slotDetails":[{"beginHour":"09:00","endHour":"00:00","active":true}],"exceptionalDay":false},{"day":7,"beginHour":"09:00","endHour":"00:00","active":true,"slotDetails":[{"beginHour":"09:00","endHour":"00:00","active":true}],"exceptionalDay":false}],"donationOptin":false,"selectiveSorting":false,"actualMaxAmountCAndC":20000,"actualMaxAmountMcDelivery":7500}