{"name":"LYON VICTOR HUGO","phone":"0478429976","fax":"0478928205","exceptionalOpening":"Le 24 et le 31 décembre : fermeture à 18h, Restaurant fermé le 25 décembre","companyName":"NICENTRE SARL                                               ","coordinates":{"latitude":45.7528756,"longitude":4.8289386},"region":"EST","storeConcepts":[{"ref":"HOT","label":"Ardoise HOT","description":"Ardoise de prise de commande déportée","conceptType":{"ref":"OTH","label":"Autre","description":"Autre"}},{"ref":"KIOSK","label":"Kiosk","description":"Borne interactive de saisie de commande, localisée dans le lobby","conceptType":{"ref":"OTH","label":"Autre","description":"Autre"}},{"ref":"LAD","label":"LAD","description":"","conceptType":{"ref":"OTH","label":"Autre","description":"Autre"}},{"ref":"MFY","label":"Made For You","description":"Made For You","conceptType":{"ref":"TYP","label":"Typologie du restaurant","description":"Typologie du restaurant"}},{"ref":"NP6","label":"NP6","description":"Restaurant équipé du système NP6","conceptType":{"ref":"OTH","label":"Autre","description":"Autre"}},{"ref":"VAE","label":"Vente A Emporter","description":"Guichet dédié à la vente à emporter, donnant sur l'extérieur du bâtiment","conceptType":{"ref":"OTH","label":"Autre","description":"Autre"}}],"openDate":"1983-05-27","closeDate":"0001-01-01","status":"OPEN","originals":false,"cashRegisterType":"NP6","kioskType":"KIOSK_ACRELEC","email":"","deliveryPartners":[{"ref":"uberdirect","name":"uberdirect","deliveryDistance":7.0}],"saleTypes":["EAT_IN","TAKE_OUT","HOME_DELIVERY"],"ref":"33","nationalPromotionOptin":true,"restaurantAddress":[{"address1":"48 Rue Victor Hugo","zipCode":"69002","city":"LYON","country":"FR","label":"RESTAURANT","addressType":"RESTAURANT","id":18,"type":"DEFAULT"}],"openingHours":[{"day":1,"beginHour":"09:30","endHour":"23:30","active":true,"slotDetails":[{"beginHour":"09:30","endHour":"23:30","active":true}],"exceptionalDay":false},{"day":2,"beginHour":"09:30","endHour":"23:30","active":true,"slotDetails":[{"beginHour":"09:30","endHour":"23:30","active":true}],"exceptionalDay":false},{"day":3,"beginHour":"09:30","endHour":"23:30","active":true,"slotDetails":[{"beginHour":"09:30","endHour":"23:30","active":true}],"exceptionalDay":false},{"day":4,"beginHour":"09:30","endHour":"23:30","active":true,"slotDetails":[{"beginHour":"09:30","endHour":"23:30","active":true}],"exceptionalDay":false},{"day":5,"beginHour":"09:30","endHour":"00:30","active":true,"slotDetails":[{"beginHour":"09:30","endHour":"00:30","active":true}],"exceptionalDay":false},{"day":6,"beginHour":"09:30","endHour":"00:30","active":true,"slotDetails":[{"beginHour":"09:30","endHour":"00:30","active":true}],"exceptionalDay":false},{"day":7,"beginHour":"09:30","endHour":"23:30","active":true,"slotDetails":[{"beginHour":"09:30","endHour":"23:30","active":true}],"exceptionalDay":false}],"donationOptin":false,"selectiveSorting":false,"actualMaxAmountCAndC":20000,"actualMaxAmountMcDelivery":7500}