{"name":"MONTPELLIER COMEDIE","phone":"0467527700","fax":"0467663163","companyName":"COREM SARL                                                  ","coordinates":{"latitude":43.608215,"longitude":3.879397012},"region":"CENTRE","storeConcepts":[{"ref":"CDE_GRP_CH","label":"Cde Groupée Chaud","description":"","conceptType":{"ref":"OTH","label":"Autre","description":"Autre"}},{"ref":"CDE_GRP_FC","label":"Cde Groupée Froid Comptoir","description":"","conceptType":{"ref":"OTH","label":"Autre","description":"Autre"}},{"ref":"HOT","label":"Ardoise HOT","description":"Ardoise de prise de commande déportée","conceptType":{"ref":"OTH","label":"Autre","description":"Autre"}},{"ref":"KIOSK","label":"Kiosk","description":"Borne interactive de saisie de commande, localisée dans le lobby","conceptType":{"ref":"OTH","label":"Autre","description":"Autre"}},{"ref":"LAD","label":"LAD","description":"","conceptType":{"ref":"OTH","label":"Autre","description":"Autre"}},{"ref":"MFY","label":"Made For You","description":"Made For You","conceptType":{"ref":"TYP","label":"Typologie du restaurant","description":"Typologie du restaurant"}},{"ref":"NP6","label":"NP6","description":"Restaurant équipé du système NP6","conceptType":{"ref":"OTH","label":"Autre","description":"Autre"}},{"ref":"ORB","label":"ORB","description":"","conceptType":{"ref":"OTH","label":"Autre","description":"Autre"}},{"ref":"VAE","label":"Vente A Emporter","description":"Guichet dédié à la vente à emporter, donnant sur l'extérieur du bâtiment","conceptType":{"ref":"OTH","label":"Autre","description":"Autre"}}],"openDate":"1983-07-29","closeDate":"0001-01-01","status":"OPEN","originals":false,"cashRegisterType":"NP6","kioskType":"KIOSK_ACRELEC","email":"","deliveryPartners":[{"ref":"uberdirect","name":"uberdirect","deliveryDistance":7.0}],"saleTypes":["EAT_IN","TAKE_OUT","HOME_DELIVERY"],"ref":"39","nationalPromotionOptin":true,"restaurantAddress":[{"address1":" 7 Place de la ComédieCS 69040","address2":"","address3":"","address4":"","zipCode":"34000","city":"MONTPELLIER","country":"FR","label":"RESTAURANT","addressType":"RESTAURANT","id":24,"type":"DEFAULT"}],"openingHours":[{"day":1,"beginHour":"09:30","endHour":"01:00","active":true,"slotDetails":[{"beginHour":"09:30","endHour":"01:00","active":true}],"exceptionalDay":false},{"day":2,"beginHour":"09:30","endHour":"01:00","active":true,"slotDetails":[{"beginHour":"09:30","endHour":"01:00","active":true}],"exceptionalDay":false},{"day":3,"beginHour":"09:30","endHour":"01:00","active":true,"slotDetails":[{"beginHour":"09:30","endHour":"01:00","active":true}],"exceptionalDay":false},{"day":4,"beginHour":"09:30","endHour":"01:00","active":true,"slotDetails":[{"beginHour":"09:30","endHour":"01:00","active":true}],"exceptionalDay":false},{"day":5,"beginHour":"09:30","endHour":"01:00","active":true,"slotDetails":[{"beginHour":"09:30","endHour":"01:00","active":true}],"exceptionalDay":false},{"day":6,"beginHour":"09:30","endHour":"01:00","active":true,"slotDetails":[{"beginHour":"09:30","endHour":"01:00","active":true}],"exceptionalDay":false},{"day":7,"beginHour":"09:30","endHour":"01:00","active":true,"slotDetails":[{"beginHour":"09:30","endHour":"01:00","active":true}],"exceptionalDay":false}],"donationOptin":false,"selectiveSorting":true,"actualMaxAmountCAndC":20000,"actualMaxAmountMcDelivery":7500}