{"name":"ROUEN GROS HORLOGE","phone":"0235711212","fax":"0235151584","exceptionalOpening":"","companyName":"JRCR S.A.                                                   ","coordinates":{"latitude":49.4419198,"longitude":1.0903115},"region":"OUEST","storeConcepts":[{"ref":"HOT","label":"Ardoise HOT","description":"Ardoise de prise de commande déportée","conceptType":{"ref":"OTH","label":"Autre","description":"Autre"}},{"ref":"JEUINTERNE","label":"Aire de jeu intérieure","description":"Aire de jeu localisée à l'intérieur du bâtiment principal","conceptType":{"ref":"OTH","label":"Autre","description":"Autre"}},{"ref":"KIOSK","label":"Kiosk","description":"Borne interactive de saisie de commande, localisée dans le lobby","conceptType":{"ref":"OTH","label":"Autre","description":"Autre"}},{"ref":"LAD","label":"LAD","description":"","conceptType":{"ref":"OTH","label":"Autre","description":"Autre"}},{"ref":"MCCAFE","label":"McCafé","description":"","conceptType":{"ref":"SRV","label":"Service produit","description":"Service produit"}},{"ref":"MCCAFE_DPT","label":"McCafe Déporté","description":"","conceptType":{"ref":"OTH","label":"Autre","description":"Autre"}},{"ref":"MENUBOARD","label":"Menu-Board Digital","description":"Ecran LCD disposé au dessus du comptoir pour proposer des visuels produits aux clients de la file d'attente","conceptType":{"ref":"OTH","label":"Autre","description":"Autre"}},{"ref":"MFY","label":"Made For You","description":"Made For You","conceptType":{"ref":"TYP","label":"Typologie du restaurant","description":"Typologie du restaurant"}},{"ref":"NP6","label":"NP6","description":"Restaurant équipé du système NP6","conceptType":{"ref":"OTH","label":"Autre","description":"Autre"}}],"openDate":"1986-09-10","closeDate":"0001-01-01","status":"OPEN","originals":false,"cashRegisterType":"NP6","kioskType":"KIOSK_ACRELEC","email":"","deliveryPartners":[{"ref":"uberdirect","name":"uberdirect","deliveryDistance":7.0}],"saleTypes":["EAT_IN","TAKE_OUT","HOME_DELIVERY"],"ref":"48","nationalPromotionOptin":true,"restaurantAddress":[{"address1":"139 Rue du Gros Horloge","address2":"","address3":"","address4":"","zipCode":"76000","city":"ROUEN","country":"FR","label":"RESTAURANT","addressType":"RESTAURANT","id":33,"type":"DEFAULT"}],"openingHours":[{"day":1,"beginHour":"08:30","endHour":"23:00","active":true,"slotDetails":[{"beginHour":"08:30","endHour":"23:00","active":true}],"exceptionalDay":false},{"day":2,"beginHour":"08:30","endHour":"23:00","active":true,"slotDetails":[{"beginHour":"08:30","endHour":"23:00","active":true}],"exceptionalDay":false},{"day":3,"beginHour":"08:30","endHour":"23:00","active":true,"slotDetails":[{"beginHour":"08:30","endHour":"23:00","active":true}],"exceptionalDay":false},{"day":4,"beginHour":"08:30","endHour":"00:00","active":true,"slotDetails":[{"beginHour":"08:30","endHour":"00:00","active":true}],"exceptionalDay":false},{"day":5,"beginHour":"08:30","endHour":"00:00","active":true,"slotDetails":[{"beginHour":"08:30","endHour":"00:00","active":true}],"exceptionalDay":false},{"day":6,"beginHour":"08:30","endHour":"00:00","active":true,"slotDetails":[{"beginHour":"08:30","endHour":"00:00","active":true}],"exceptionalDay":false},{"day":7,"beginHour":"09:00","endHour":"23:00","active":true,"slotDetails":[{"beginHour":"09:00","endHour":"23:00","active":true}],"exceptionalDay":false}],"donationOptin":false,"selectiveSorting":true,"actualMaxAmountCAndC":20000,"actualMaxAmountMcDelivery":7500}