{"name":"McDonald's 0007","storeConcepts":[],"openDate":"2016-09-15","status":"CLOSED","originals":false,"cashRegisterType":"NP6","kioskType":"KIOSK_ACRELEC","email":"0007@mcdo.fr","deliveryPartners":[],"saleTypes":[],"ref":"7","nationalPromotionOptin":true,"restaurantAddress":[],"openingHours":[{"day":1,"beginHour":"09:00","endHour":"01:00","active":true,"slotDetails":[{"beginHour":"09:00","endHour":"01:00","active":true}],"exceptionalDay":false},{"day":2,"beginHour":"09:00","endHour":"01:00","active":true,"slotDetails":[{"beginHour":"09:00","endHour":"01:00","active":true}],"exceptionalDay":false},{"day":3,"beginHour":"09:00","endHour":"11:59","active":true,"slotDetails":[{"beginHour":"09:00","endHour":"11:59","active":true}],"exceptionalDay":false},{"day":4,"beginHour":"10:00","endHour":"09:59","active":true,"slotDetails":[{"beginHour":"10:00","endHour":"09:59","active":true}],"exceptionalDay":false},{"day":6,"beginHour":"10:00","endHour":"01:00","active":true,"slotDetails":[{"beginHour":"10:00","endHour":"01:00","active":true}],"exceptionalDay":false},{"day":7,"beginHour":"10:00","endHour":"01:00","active":true,"slotDetails":[{"beginHour":"10:00","endHour":"01:00","active":true}],"exceptionalDay":false}],"donationOptin":false,"selectiveSorting":false,"actualMaxAmountCAndC":20000,"actualMaxAmountMcDelivery":7500}