{"name":"LILLE CENTRE","phone":"0328380460","fax":"0328380461","companyName":"GRAND PLACE LILLE S.A.R.L","coordinates":{"latitude":50.6369361,"longitude":3.06293089999997},"region":"EST","storeConcepts":[{"ref":"HOT","label":"Ardoise HOT","description":"Ardoise de prise de commande déportée","conceptType":{"ref":"OTH","label":"Autre","description":"Autre"}},{"ref":"LAD","label":"LAD","description":"","conceptType":{"ref":"OTH","label":"Autre","description":"Autre"}},{"ref":"MFY","label":"Made For You","description":"Made For You","conceptType":{"ref":"TYP","label":"Typologie du restaurant","description":"Typologie du restaurant"}},{"ref":"NP6","label":"NP6","description":"Restaurant équipé du système NP6","conceptType":{"ref":"OTH","label":"Autre","description":"Autre"}}],"openDate":"1983-02-14","closeDate":"0001-01-01","status":"OPEN","originals":false,"cashRegisterType":"NP6","kioskType":"KIOSK_ACRELEC","email":"","deliveryPartners":[{"ref":"uberdirect","name":"uberdirect","deliveryDistance":7.0}],"saleTypes":["EAT_IN","TAKE_OUT","HOME_DELIVERY"],"ref":"30","nationalPromotionOptin":true,"restaurantAddress":[{"address1":"23 Place du Général de Gaulle","address4":"","zipCode":"59000","city":"LILLE","country":"FR","label":"RESTAURANT","addressType":"RESTAURANT","id":15,"type":"DEFAULT"}],"openingHours":[{"day":1,"beginHour":"11:00","endHour":"23:15","active":true,"slotDetails":[{"beginHour":"11:00","endHour":"23:15","active":true}],"exceptionalDay":false},{"day":2,"beginHour":"11:00","endHour":"23:15","active":true,"slotDetails":[{"beginHour":"11:00","endHour":"23:15","active":true}],"exceptionalDay":false},{"day":3,"beginHour":"11:00","endHour":"23:15","active":true,"slotDetails":[{"beginHour":"11:00","endHour":"23:15","active":true}],"exceptionalDay":false},{"day":4,"beginHour":"11:00","endHour":"23:15","active":true,"slotDetails":[{"beginHour":"11:00","endHour":"23:15","active":true}],"exceptionalDay":false},{"day":5,"beginHour":"11:00","endHour":"23:15","active":true,"slotDetails":[{"beginHour":"11:00","endHour":"23:15","active":true}],"exceptionalDay":false},{"day":6,"beginHour":"11:00","endHour":"23:15","active":true,"slotDetails":[{"beginHour":"11:00","endHour":"23:15","active":true}],"exceptionalDay":false},{"day":7,"beginHour":"11:00","endHour":"23:15","active":true,"slotDetails":[{"beginHour":"11:00","endHour":"23:15","active":true}],"exceptionalDay":false}],"donationOptin":false,"selectiveSorting":true,"actualMaxAmountCAndC":20000,"actualMaxAmountMcDelivery":7500}