{"name":"MANTES LA VILLE","phone":"0134784527","fax":"0134784630","exceptionalOpening":"24H / 24H  7j / 7","companyName":"DISELERE","coordinates":{"latitude":48.98000936,"longitude":1.69600129},"region":"CENTRE","storeConcepts":[{"ref":"CDE_GRP_CH","label":"Cde Groupée Chaud","description":"","conceptType":{"ref":"OTH","label":"Autre","description":"Autre"}},{"ref":"CDE_GRP_FC","label":"Cde Groupée Froid Comptoir","description":"","conceptType":{"ref":"OTH","label":"Autre","description":"Autre"}},{"ref":"CDE_GRP_FD","label":"Cde Groupée Froid Drive","description":"","conceptType":{"ref":"OTH","label":"Autre","description":"Autre"}},{"ref":"DASHB_DRIV","label":"Dashboard Drive","description":"","conceptType":{"ref":"OTH","label":"Autre","description":"Autre"}},{"ref":"DRVDUAL","label":"Drive Dual Lane","description":"","conceptType":{"ref":"OTH","label":"Autre","description":"Autre"}},{"ref":"HOT","label":"Ardoise HOT","description":"Ardoise de prise de commande déportée","conceptType":{"ref":"OTH","label":"Autre","description":"Autre"}},{"ref":"JEUINTERNE","label":"Aire de jeu intérieure","description":"Aire de jeu localisée à l'intérieur du bâtiment principal","conceptType":{"ref":"OTH","label":"Autre","description":"Autre"}},{"ref":"KIOSK","label":"Kiosk","description":"Borne interactive de saisie de commande, localisée dans le lobby","conceptType":{"ref":"OTH","label":"Autre","description":"Autre"}},{"ref":"LAD","label":"LAD","description":"","conceptType":{"ref":"OTH","label":"Autre","description":"Autre"}},{"ref":"MFY","label":"Made For You","description":"Made For You","conceptType":{"ref":"TYP","label":"Typologie du restaurant","description":"Typologie du restaurant"}},{"ref":"NP6","label":"NP6","description":"Restaurant équipé du système NP6","conceptType":{"ref":"OTH","label":"Autre","description":"Autre"}},{"ref":"POM","label":"POM","description":"","conceptType":{"ref":"OTH","label":"Autre","description":"Autre"}},{"ref":"RONALDLAND","label":"RonaldLand","description":"Bâtiment indépendant hébergeant une aire de jeu pour enfants","conceptType":{"ref":"OTH","label":"Autre","description":"Autre"}}],"openDate":"1986-11-28","closeDate":"0001-01-01","status":"OPEN","originals":false,"cashRegisterType":"NP6","kioskType":"KIOSK_ACRELEC","email":"","deliveryPartners":[{"ref":"uberdirect","name":"uberdirect","deliveryDistance":7.0}],"saleTypes":["EAT_IN","TAKE_OUT","HOME_DELIVERY"],"ref":"50","nationalPromotionOptin":true,"restaurantAddress":[{"address1":"McDonald's Mantes la ville, 135 Boulevard Roger Salengro","address2":"","address3":"","address4":"","zipCode":"78711","city":"MANTES LA VILLE","country":"FR","label":"RESTAURANT","addressType":"RESTAURANT","id":35,"type":"DEFAULT"}],"openingHours":[{"day":1,"beginHour":"08:30","endHour":"04:00","active":true,"slotDetails":[{"beginHour":"08:30","endHour":"04:00","active":true}],"exceptionalDay":false},{"day":2,"beginHour":"08:30","endHour":"04:00","active":true,"slotDetails":[{"beginHour":"08:30","endHour":"04:00","active":true}],"exceptionalDay":false},{"day":3,"beginHour":"08:30","endHour":"04:00","active":true,"slotDetails":[{"beginHour":"08:30","endHour":"04:00","active":true}],"exceptionalDay":false},{"day":4,"beginHour":"08:30","endHour":"04:00","active":true,"slotDetails":[{"beginHour":"08:30","endHour":"04:00","active":true}],"exceptionalDay":false},{"day":5,"beginHour":"08:30","endHour":"06:00","active":true,"slotDetails":[{"beginHour":"08:30","endHour":"06:00","active":true}],"exceptionalDay":false},{"day":6,"beginHour":"08:30","endHour":"06:00","active":true,"slotDetails":[{"beginHour":"08:30","endHour":"06:00","active":true}],"exceptionalDay":false},{"day":7,"beginHour":"08:30","endHour":"04:00","active":true,"slotDetails":[{"beginHour":"08:30","endHour":"04:00","active":true}],"exceptionalDay":false}],"donationOptin":false,"selectiveSorting":false,"actualMaxAmountCAndC":20000,"actualMaxAmountMcDelivery":7500}