{"name":"TOULOUSE CAPITOLE","phone":"0561212377","fax":"0561120890","companyName":"NEW CAPITOLE EURL                                           ","coordinates":{"latitude":43.60408,"longitude":1.44301},"region":"OUEST","storeConcepts":[{"ref":"HOT","label":"Ardoise HOT","description":"Ardoise de prise de commande déportée","conceptType":{"ref":"OTH","label":"Autre","description":"Autre"}},{"ref":"KIOSK","label":"Kiosk","description":"Borne interactive de saisie de commande, localisée dans le lobby","conceptType":{"ref":"OTH","label":"Autre","description":"Autre"}},{"ref":"LAD","label":"LAD","description":"","conceptType":{"ref":"OTH","label":"Autre","description":"Autre"}},{"ref":"MFY","label":"Made For You","description":"Made For You","conceptType":{"ref":"TYP","label":"Typologie du restaurant","description":"Typologie du restaurant"}},{"ref":"NP6","label":"NP6","description":"Restaurant équipé du système NP6","conceptType":{"ref":"OTH","label":"Autre","description":"Autre"}},{"ref":"VAE","label":"Vente A Emporter","description":"Guichet dédié à la vente à emporter, donnant sur l'extérieur du bâtiment","conceptType":{"ref":"OTH","label":"Autre","description":"Autre"}}],"openDate":"1982-04-19","closeDate":"0001-01-01","status":"OPEN","originals":false,"cashRegisterType":"NP6","kioskType":"KIOSK_ACRELEC","email":"","deliveryPartners":[{"ref":"uberdirect","name":"uberdirect","deliveryDistance":7.0}],"saleTypes":["EAT_IN","TAKE_OUT","HOME_DELIVERY"],"ref":"22","nationalPromotionOptin":true,"restaurantAddress":[{"address1":"23 place du Capitole","address2":"BP 54240","zipCode":"31000","city":"TOULOUSE","country":"FR","label":"RESTAURANT","addressType":"RESTAURANT","id":7,"type":"DEFAULT"}],"openingHours":[{"day":1,"beginHour":"10:30","endHour":"23:00","active":true,"slotDetails":[{"beginHour":"10:30","endHour":"23:00","active":true}],"exceptionalDay":false},{"day":2,"beginHour":"10:30","endHour":"23:00","active":true,"slotDetails":[{"beginHour":"10:30","endHour":"23:00","active":true}],"exceptionalDay":false},{"day":3,"beginHour":"10:30","endHour":"23:00","active":true,"slotDetails":[{"beginHour":"10:30","endHour":"23:00","active":true}],"exceptionalDay":false},{"day":4,"beginHour":"10:30","endHour":"01:00","active":true,"slotDetails":[{"beginHour":"10:30","endHour":"01:00","active":true}],"exceptionalDay":false},{"day":5,"beginHour":"10:30","endHour":"01:00","active":true,"slotDetails":[{"beginHour":"10:30","endHour":"01:00","active":true}],"exceptionalDay":false},{"day":6,"beginHour":"10:30","endHour":"01:00","active":true,"slotDetails":[{"beginHour":"10:30","endHour":"01:00","active":true}],"exceptionalDay":false},{"day":7,"beginHour":"10:30","endHour":"23:00","active":true,"slotDetails":[{"beginHour":"10:30","endHour":"23:00","active":true}],"exceptionalDay":false}],"donationOptin":false,"selectiveSorting":true,"actualMaxAmountCAndC":20000,"actualMaxAmountMcDelivery":7500}