{"name":"MARSEILLE CANEBIERE","phone":"0491444036","fax":"0491900154","companyName":"MARSHELL SAS","coordinates":{"latitude":43.29772119,"longitude":5.38064804},"region":"EST","storeConcepts":[{"ref":"CDE_GRP_FC","label":"Cde Groupée Froid Comptoir","description":"","conceptType":{"ref":"OTH","label":"Autre","description":"Autre"}},{"ref":"HOT","label":"Ardoise HOT","description":"Ardoise de prise de commande déportée","conceptType":{"ref":"OTH","label":"Autre","description":"Autre"}},{"ref":"LAD","label":"LAD","description":"","conceptType":{"ref":"OTH","label":"Autre","description":"Autre"}},{"ref":"MFY","label":"Made For You","description":"Made For You","conceptType":{"ref":"TYP","label":"Typologie du restaurant","description":"Typologie du restaurant"}},{"ref":"NP6","label":"NP6","description":"Restaurant équipé du système NP6","conceptType":{"ref":"OTH","label":"Autre","description":"Autre"}}],"openDate":"1982-11-15","closeDate":"0001-01-01","status":"OPEN","originals":false,"cashRegisterType":"NP6","kioskType":"KIOSK_ACRELEC","email":"","deliveryPartners":[{"ref":"uberdirect","name":"uberdirect","deliveryDistance":7.0}],"saleTypes":["EAT_IN","TAKE_OUT","HOME_DELIVERY"],"ref":"25","nationalPromotionOptin":true,"restaurantAddress":[{"address1":"79 CANEBIERE","zipCode":"13001","city":"MARSEILLE","country":"FR","label":"RESTAURANT","addressType":"RESTAURANT","id":10,"type":"DEFAULT"}],"openingHours":[{"day":1,"beginHour":"10:00","endHour":"00:00","active":true,"slotDetails":[{"beginHour":"10:00","endHour":"00:00","active":true}],"exceptionalDay":false},{"day":2,"beginHour":"10:00","endHour":"02:00","active":true,"slotDetails":[{"beginHour":"10:00","endHour":"02:00","active":true}],"exceptionalDay":false},{"day":3,"beginHour":"10:00","endHour":"02:00","active":true,"slotDetails":[{"beginHour":"10:00","endHour":"02:00","active":true}],"exceptionalDay":false},{"day":4,"beginHour":"10:00","endHour":"02:00","active":true,"slotDetails":[{"beginHour":"10:00","endHour":"02:00","active":true}],"exceptionalDay":false},{"day":5,"beginHour":"10:00","endHour":"02:00","active":true,"slotDetails":[{"beginHour":"10:00","endHour":"02:00","active":true}],"exceptionalDay":false},{"day":6,"beginHour":"10:00","endHour":"02:00","active":true,"slotDetails":[{"beginHour":"10:00","endHour":"02:00","active":true}],"exceptionalDay":false},{"day":7,"beginHour":"10:00","endHour":"02:00","active":true,"slotDetails":[{"beginHour":"10:00","endHour":"02:00","active":true}],"exceptionalDay":false}],"donationOptin":false,"selectiveSorting":false,"actualMaxAmountCAndC":20000,"actualMaxAmountMcDelivery":7500}