{"name":"TOULOUSE ROOSEVELT","phone":"0561238547","fax":"0562271816","companyName":"ROOSEVELT S.A                                               ","coordinates":{"latitude":43.605215,"longitude":1.448355},"region":"OUEST","storeConcepts":[{"ref":"CDE_GRP_CH","label":"Cde Groupée Chaud","description":"","conceptType":{"ref":"OTH","label":"Autre","description":"Autre"}},{"ref":"CDE_GRP_FC","label":"Cde Groupée Froid Comptoir","description":"","conceptType":{"ref":"OTH","label":"Autre","description":"Autre"}},{"ref":"HOT","label":"Ardoise HOT","description":"Ardoise de prise de commande déportée","conceptType":{"ref":"OTH","label":"Autre","description":"Autre"}},{"ref":"KIOSK","label":"Kiosk","description":"Borne interactive de saisie de commande, localisée dans le lobby","conceptType":{"ref":"OTH","label":"Autre","description":"Autre"}},{"ref":"LAD","label":"LAD","description":"","conceptType":{"ref":"OTH","label":"Autre","description":"Autre"}},{"ref":"MFY","label":"Made For You","description":"Made For You","conceptType":{"ref":"TYP","label":"Typologie du restaurant","description":"Typologie du restaurant"}},{"ref":"NP6","label":"NP6","description":"Restaurant équipé du système NP6","conceptType":{"ref":"OTH","label":"Autre","description":"Autre"}}],"openDate":"1986-10-12","closeDate":"0001-01-01","status":"OPEN","originals":false,"cashRegisterType":"NP6","kioskType":"KIOSK_ACRELEC","email":"","deliveryPartners":[{"ref":"uberdirect","name":"uberdirect","deliveryDistance":7.0}],"saleTypes":["EAT_IN","TAKE_OUT","HOME_DELIVERY"],"ref":"49","nationalPromotionOptin":true,"restaurantAddress":[{"address1":"McDonald's™Wilson","address2":"10-12 allée Franklin Roosevelt","zipCode":"31000","city":"TOULOUSE","country":"FR","label":"RESTAURANT","addressType":"RESTAURANT","id":34,"type":"DEFAULT"}],"openingHours":[{"day":1,"beginHour":"10:00","endHour":"00:00","active":true,"slotDetails":[{"beginHour":"10:00","endHour":"00:00","active":true}],"exceptionalDay":false},{"day":2,"beginHour":"10:00","endHour":"00:00","active":true,"slotDetails":[{"beginHour":"10:00","endHour":"00:00","active":true}],"exceptionalDay":false},{"day":3,"beginHour":"10:00","endHour":"00:00","active":true,"slotDetails":[{"beginHour":"10:00","endHour":"00:00","active":true}],"exceptionalDay":false},{"day":4,"beginHour":"10:00","endHour":"01:00","active":true,"slotDetails":[{"beginHour":"10:00","endHour":"01:00","active":true}],"exceptionalDay":false},{"day":5,"beginHour":"10:00","endHour":"01:00","active":true,"slotDetails":[{"beginHour":"10:00","endHour":"01:00","active":true}],"exceptionalDay":false},{"day":6,"beginHour":"10:00","endHour":"01:00","active":true,"slotDetails":[{"beginHour":"10:00","endHour":"01:00","active":true}],"exceptionalDay":false},{"day":7,"beginHour":"10:00","endHour":"00:00","active":true,"slotDetails":[{"beginHour":"10:00","endHour":"00:00","active":true}],"exceptionalDay":false}],"donationOptin":false,"selectiveSorting":true,"actualMaxAmountCAndC":20000,"actualMaxAmountMcDelivery":7500}